{"cameraMode":{"drawMode":0,"name":"Shaded","section":"Shading Mode"},"sceneLighting":false,"audioPlay":false,"sceneViewState":{"showFog":false,"showMaterialUpdate":false,"showSkybox":false,"showFlares":false,"showImageEffects":false,"showParticleSystems":false},"in2DMode":false,"pivot":{"x":-4.02691650390625,"y":-28.542709350585939,"z":-12.828742980957032},"rotation":{"x":-0.0006965867360122502,"y":0.9976153373718262,"z":-0.06834181398153305,"w":-0.010180080309510231},"size":487.3511047363281,"orthographic":true}