{"cameraMode":{"drawMode":0,"name":"Shaded","section":"Shading Mode"},"sceneLighting":false,"audioPlay":false,"sceneViewState":{"showFog":false,"showMaterialUpdate":false,"showSkybox":false,"showFlares":false,"showImageEffects":false,"showParticleSystems":false},"in2DMode":false,"pivot":{"x":-41.73374557495117,"y":2.7914938926696779,"z":0.634765625},"rotation":{"x":0.21544809639453889,"y":0.6436542272567749,"z":-0.19593706727027894,"w":0.7077563405036926},"size":5.220643043518066,"orthographic":true}