{"cameraMode":{"drawMode":0,"name":"Shaded","section":"Shading Mode"},"sceneLighting":false,"audioPlay":false,"sceneViewState":{"showFog":false,"showMaterialUpdate":false,"showSkybox":false,"showFlares":false,"showImageEffects":false,"showParticleSystems":false},"in2DMode":false,"pivot":{"x":-3.383026123046875,"y":-37.06550598144531,"z":-4.283535003662109},"rotation":{"x":0.00004833669663639739,"y":0.9996550679206848,"z":-0.026395317167043687,"w":0.0017955913208425046},"size":594.6092529296875,"orthographic":true}