{"cameraMode":{"drawMode":0,"name":"Shaded","section":"Shading Mode"},"sceneLighting":false,"audioPlay":false,"sceneViewState":{"showFog":false,"showMaterialUpdate":false,"showSkybox":false,"showFlares":false,"showImageEffects":false,"showParticleSystems":false},"in2DMode":false,"pivot":{"x":286.22906494140627,"y":0.9755924940109253,"z":86.90715789794922},"rotation":{"x":0.19999486207962037,"y":0.5466473698616028,"z":-0.13638392090797425,"w":0.8016098141670227},"size":5.829914093017578,"orthographic":true}