{"cameraMode":{"drawMode":0,"name":"Shaded","section":"Shading Mode"},"sceneLighting":false,"audioPlay":false,"sceneViewState":{"showFog":false,"showMaterialUpdate":false,"showSkybox":false,"showFlares":false,"showImageEffects":false,"showParticleSystems":false},"in2DMode":false,"pivot":{"x":-0.052520751953125,"y":0.624811053276062,"z":0.0011909008026123047},"rotation":{"x":0.19999486207962037,"y":0.5466473698616028,"z":-0.13638392090797425,"w":0.8016098141670227},"size":5.822418689727783,"orthographic":true}