{"cameraMode":{"drawMode":0,"name":"Shaded","section":"Shading Mode"},"sceneLighting":false,"audioPlay":false,"sceneViewState":{"showFog":false,"showMaterialUpdate":false,"showSkybox":false,"showFlares":false,"showImageEffects":false,"showParticleSystems":false},"in2DMode":false,"pivot":{"x":-2.42071533203125,"y":-50.43617248535156,"z":-0.13004684448242188},"rotation":{"x":-0.0028762081637978555,"y":0.9088642597198486,"z":-0.006270053796470165,"w":-0.4170483946800232},"size":483.61492919921877,"orthographic":true}