{"cameraMode":{"drawMode":0,"name":"Shaded","section":"Shading Mode"},"sceneLighting":true,"audioPlay":false,"sceneViewState":{"showFog":false,"showMaterialUpdate":false,"showSkybox":false,"showFlares":false,"showImageEffects":false,"showParticleSystems":false},"in2DMode":false,"pivot":{"x":-25.63983154296875,"y":0.8347978591918945,"z":2.170686960220337},"rotation":{"x":-0.08155225217342377,"y":0.661703884601593,"z":-0.07274511456489563,"w":-0.7417712211608887},"size":4.971954345703125,"orthographic":true}