{"cameraMode":{"drawMode":0,"name":"Shaded","section":"Shading Mode"},"sceneLighting":false,"audioPlay":false,"sceneViewState":{"showFog":false,"showMaterialUpdate":false,"showSkybox":false,"showFlares":false,"showImageEffects":false,"showParticleSystems":false},"in2DMode":false,"pivot":{"x":-4.19610595703125,"y":-46.14616394042969,"z":0.3917236328125},"rotation":{"x":-0.0076484065502882,"y":0.9684040546417236,"z":-0.02993178553879261,"w":-0.24748444557189942},"size":461.64569091796877,"orthographic":true}