{"cameraMode":{"drawMode":0,"name":"Shaded","section":"Shading Mode"},"sceneLighting":false,"audioPlay":false,"sceneViewState":{"showFog":false,"showMaterialUpdate":false,"showSkybox":false,"showFlares":false,"showImageEffects":false,"showParticleSystems":false},"in2DMode":false,"pivot":{"x":-4.3880615234375,"y":-46.18397521972656,"z":-5.797479629516602},"rotation":{"x":-0.019760437309741975,"y":0.980101466178894,"z":-0.13102653622627259,"w":-0.14783139526844026},"size":402.5978698730469,"orthographic":true}