{"cameraMode":{"drawMode":0,"name":"Shaded","section":"Shading Mode"},"sceneLighting":false,"audioPlay":false,"sceneViewState":{"showFog":false,"showMaterialUpdate":false,"showSkybox":false,"showFlares":false,"showImageEffects":false,"showParticleSystems":false},"in2DMode":false,"pivot":{"x":273.521728515625,"y":5.194612979888916,"z":92.78143310546875},"rotation":{"x":0.08554589748382569,"y":0.8898482322692871,"z":-0.1868753284215927,"w":0.4073452651500702},"size":25.088842391967775,"orthographic":true}