{"cameraMode":{"drawMode":0,"name":"Shaded","section":"Shading Mode"},"sceneLighting":false,"audioPlay":false,"sceneViewState":{"showFog":false,"showMaterialUpdate":false,"showSkybox":false,"showFlares":false,"showImageEffects":false,"showParticleSystems":false},"in2DMode":false,"pivot":{"x":198.6622314453125,"y":4.638823509216309,"z":312.0756530761719},"rotation":{"x":0.3921610116958618,"y":0.2501427233219147,"z":-0.11170690506696701,"w":0.878157377243042},"size":10.431295394897461,"orthographic":true}