{"cameraMode":{"drawMode":0,"name":"Shaded","section":"Shading Mode"},"sceneLighting":false,"audioPlay":false,"sceneViewState":{"showFog":false,"showMaterialUpdate":false,"showSkybox":false,"showFlares":false,"showImageEffects":false,"showParticleSystems":false},"in2DMode":false,"pivot":{"x":-7.748603820800781e-7,"y":-0.05174589529633522,"z":-1.9371509552001954e-7},"rotation":{"x":0.0350811742246151,"y":-0.7043408155441284,"z":-0.03489355742931366,"w":-0.7081455588340759},"size":0.739419162273407,"orthographic":true}