{"cameraMode":{"drawMode":0,"name":"Shaded","section":"Shading Mode"},"sceneLighting":false,"audioPlay":false,"sceneViewState":{"showFog":false,"showMaterialUpdate":false,"showSkybox":false,"showFlares":false,"showImageEffects":false,"showParticleSystems":false},"in2DMode":false,"pivot":{"x":-0.015523917973041535,"y":1.3910030126571656,"z":-0.10374202579259873},"rotation":{"x":-0.010318275541067124,"y":0.9762964248657227,"z":-0.04777679964900017,"w":-0.2108515352010727},"size":0.722016453742981,"orthographic":true}