{"cameraMode":{"drawMode":0,"name":"Shaded","section":"Shading Mode"},"sceneLighting":false,"audioPlay":false,"sceneViewState":{"showFog":false,"showMaterialUpdate":false,"showSkybox":false,"showFlares":false,"showImageEffects":false,"showParticleSystems":false},"in2DMode":false,"pivot":{"x":14.179466247558594,"y":4.9138288497924809,"z":-5.8370161056518559},"rotation":{"x":0.24876028299331666,"y":-0.6364322304725647,"z":0.2282843440771103,"w":0.6935209035873413},"size":51.904720306396487,"orthographic":true}