{"cameraMode":{"drawMode":0,"name":"Shaded","section":"Shading Mode"},"sceneLighting":false,"audioPlay":false,"sceneViewState":{"showFog":false,"showMaterialUpdate":false,"showSkybox":false,"showFlares":false,"showImageEffects":false,"showParticleSystems":false},"in2DMode":false,"pivot":{"x":-0.03705853596329689,"y":-2.0489096641540528e-8,"z":0.17396464943885804},"rotation":{"x":0.18353618681430818,"y":0.31455838680267336,"z":-0.06213238462805748,"w":0.9292571544647217},"size":0.8783811926841736,"orthographic":true}