{"cameraMode":{"drawMode":0,"name":"Shaded","section":"Shading Mode"},"sceneLighting":true,"audioPlay":false,"sceneViewState":{"showFog":false,"showMaterialUpdate":false,"showSkybox":false,"showFlares":false,"showImageEffects":false,"showParticleSystems":false},"in2DMode":false,"pivot":{"x":-46.4658203125,"y":1.71258544921875,"z":0.31451416015625},"rotation":{"x":0.1886991411447525,"y":-0.4284428656101227,"z":0.09199071675539017,"w":0.8788496255874634},"size":3.245119333267212,"orthographic":true}