{"cameraMode":{"drawMode":0,"name":"Shaded","section":"Shading Mode"},"sceneLighting":false,"audioPlay":false,"sceneViewState":{"showFog":false,"showMaterialUpdate":false,"showSkybox":false,"showFlares":false,"showImageEffects":false,"showParticleSystems":false},"in2DMode":false,"pivot":{"x":115.10324096679688,"y":7.524419784545898,"z":110.90953063964844},"rotation":{"x":0.19999486207962037,"y":0.5466473698616028,"z":-0.13638392090797425,"w":0.8016098141670227},"size":7.32362174987793,"orthographic":true}