{"cameraMode":{"drawMode":0,"name":"Shaded","section":"Shading Mode"},"sceneLighting":false,"audioPlay":false,"sceneViewState":{"showFog":false,"showMaterialUpdate":false,"showSkybox":false,"showFlares":false,"showImageEffects":false,"showParticleSystems":false},"in2DMode":false,"pivot":{"x":1.7785037755966187,"y":-2.65625,"z":-53.14909362792969},"rotation":{"x":0.2785467505455017,"y":-0.7059354186058044,"z":0.36429187655448916,"w":0.5397768616676331},"size":48.68488311767578,"orthographic":true}