{"cameraMode":{"drawMode":0,"name":"Shaded","section":"Shading Mode"},"sceneLighting":false,"audioPlay":false,"sceneViewState":{"showFog":false,"showMaterialUpdate":false,"showSkybox":false,"showFlares":false,"showImageEffects":false,"showParticleSystems":false},"in2DMode":false,"pivot":{"x":-0.035874009132385257,"y":0.5678607225418091,"z":2.018982410430908},"rotation":{"x":0.059870511293411258,"y":0.9399858713150024,"z":-0.24593260884284974,"w":0.22883091866970063},"size":2.4098360538482668,"orthographic":true}