{"cameraMode":{"drawMode":0,"name":"Shaded","section":"Shading Mode"},"sceneLighting":false,"audioPlay":false,"sceneViewState":{"showFog":false,"showMaterialUpdate":false,"showSkybox":false,"showFlares":false,"showImageEffects":false,"showParticleSystems":false},"in2DMode":false,"pivot":{"x":278.640625,"y":5.119776725769043,"z":85.06002807617188},"rotation":{"x":0.08554589748382569,"y":0.8898482322692871,"z":-0.1868753284215927,"w":0.4073452651500702},"size":9.459253311157227,"orthographic":true}