{"cameraMode":{"drawMode":0,"name":"Shaded","section":"Shading Mode"},"sceneLighting":false,"audioPlay":false,"sceneViewState":{"showFog":false,"showMaterialUpdate":false,"showSkybox":false,"showFlares":false,"showImageEffects":false,"showParticleSystems":false},"in2DMode":false,"pivot":{"x":282.37115478515627,"y":1.154995322227478,"z":88.90306091308594},"rotation":{"x":0.1499212235212326,"y":0.7451096177101135,"z":-0.178790882229805,"w":0.6247954368591309},"size":6.4105305671691898,"orthographic":true}