{"cameraMode":{"drawMode":0,"name":"Shaded","section":"Shading Mode"},"sceneLighting":false,"audioPlay":false,"sceneViewState":{"showFog":false,"showMaterialUpdate":false,"showSkybox":false,"showFlares":false,"showImageEffects":false,"showParticleSystems":false},"in2DMode":false,"pivot":{"x":4.380000114440918,"y":-327.9200134277344,"z":5.909999847412109},"rotation":{"x":0.006038805469870567,"y":0.9909937977790833,"z":-0.12492438405752182,"w":0.047898344695568088},"size":22.0,"orthographic":true}