{"cameraMode":{"drawMode":0,"name":"Shaded","section":"Shading Mode"},"sceneLighting":false,"audioPlay":false,"sceneViewState":{"showFog":false,"showMaterialUpdate":false,"showSkybox":false,"showFlares":false,"showImageEffects":false,"showParticleSystems":false},"in2DMode":false,"pivot":{"x":0.0,"y":-350.5780334472656,"z":7.1062774658203129},"rotation":{"x":-0.025437381118535997,"y":0.971778154373169,"z":-0.19891074299812318,"w":-0.12428528070449829},"size":1075.3997802734375,"orthographic":true}