{"cameraMode":{"drawMode":0,"name":"Shaded","section":"Shading Mode"},"sceneLighting":false,"audioPlay":false,"sceneViewState":{"showFog":false,"showMaterialUpdate":false,"showSkybox":false,"showFlares":false,"showImageEffects":false,"showParticleSystems":false},"in2DMode":false,"pivot":{"x":293.6639709472656,"y":5.056240081787109,"z":71.95960235595703},"rotation":{"x":0.08554589748382569,"y":0.8898482322692871,"z":-0.1868753284215927,"w":0.4073452651500702},"size":6.7232465744018559,"orthographic":true}